lcl|AP022815.1_cds_BCA72045.1_75	gb|LR730402.1|+|740042-740987|ARO:3003843|leuO	98.095	945	18	0	19	963	1	945	0.0	1646
lcl|AP022815.1_cds_BCA72464.1_494	gb|U00096.3|-|481253-484403|ARO:3000216|acrB	99.175	3150	26	0	1	3150	1	3150	0.0	5674
lcl|AP022815.1_cds_BCA72465.1_495	gb|U00096.3|-|484425-485619|ARO:3004043|Ecol_acrA	99.632	1086	4	0	1	1086	109	1194	0.0	1984
lcl|AP022815.1_cds_BCA72465.1_495	gb|NC_004337.2|-|420956-422150|ARO:3007509|Sfle_acrA	99.171	1086	9	0	1	1086	109	1194	0.0	1956
lcl|AP022815.1_cds_BCA72513.1_543	gb|AL513383.1|+|161910-162771|ARO:3000873|TEM-1	99.884	861	1	0	1	861	1	861	0.0	1585
lcl|AP022815.1_cds_BCA72513.1_543	gb|AAAGNS010000063.1|-|144-1005|ARO:3000966|TEM-103	99.884	861	1	0	1	861	1	861	0.0	1585
lcl|AP022815.1_cds_BCA72513.1_543	gb|OM617737.1|+|0-861|ARO:3007454|TEM-245	99.884	861	1	0	1	861	1	861	0.0	1585
lcl|AP022815.1_cds_BCA72513.1_543	gb|NG_057609.1|+|0-861|ARO:3005265|TEM-234	99.884	861	1	0	1	861	1	861	0.0	1585
lcl|AP022815.1_cds_BCA72513.1_543	gb|NG_068213.1|+|100-961|ARO:3000901|TEM-31	99.884	861	1	0	1	861	1	861	0.0	1585
lcl|AP022815.1_cds_BCA72513.1_543	gb|NG_068038.1|+|0-861|ARO:3005259|TEM-228	99.884	861	1	0	1	861	1	861	0.0	1585
lcl|AP022815.1_cds_BCA72513.1_543	gb|KP050492.1|+|0-861|ARO:3001392|TEM-215	99.884	861	1	0	1	861	1	861	0.0	1585
lcl|AP022815.1_cds_BCA72513.1_543	gb|AF516720.1|+|214-1075|ARO:3000968|TEM-105	99.884	861	1	0	1	861	1	861	0.0	1585
lcl|AP022815.1_cds_BCA72513.1_543	gb|AF190694.1|+|208-1069|ARO:3000942|TEM-76	99.884	861	1	0	1	861	1	861	0.0	1585
lcl|AP022815.1_cds_BCA72513.1_543	gb|KC865667.1|+|183-1044|ARO:3001385|TEM-208	99.884	861	1	0	1	861	1	861	0.0	1585
lcl|AP022815.1_cds_BCA72513.1_543	gb|AF188199.1|+|214-1075|ARO:3000936|TEM-70	99.884	861	1	0	1	861	1	861	0.0	1585
lcl|AP022815.1_cds_BCA72513.1_543	gb|AY368236.1|+|0-861|ARO:3000989|TEM-127	99.884	861	1	0	1	861	1	861	0.0	1585
lcl|AP022815.1_cds_BCA72513.1_543	gb|AJ634602.1|-|7839-8700|ARO:3000999|TEM-135	99.884	861	1	0	1	861	1	861	0.0	1585
lcl|AP022815.1_cds_BCA72513.1_543	gb|DQ075245.1|+|217-1078|ARO:3001006|TEM-143	99.884	861	1	0	1	861	1	861	0.0	1585
lcl|AP022815.1_cds_BCA72513.1_543	gb|JN227084.1|+|308-1169|ARO:3001046|TEM-186	99.884	861	1	0	1	861	1	861	0.0	1585
lcl|AP022815.1_cds_BCA72513.1_543	gb|HG934763.1|+|0-861|ARO:3001394|TEM-217	99.884	861	1	0	1	861	1	861	0.0	1585
lcl|AP022815.1_cds_BCA72513.1_543	gb|AJ437107.1|+|208-1069|ARO:3000900|TEM-30	99.884	861	1	0	1	861	1	861	0.0	1585
lcl|AP022815.1_cds_BCA72513.1_543	gb|AJ308558.1|+|181-1042|ARO:3000962|TEM-95	99.884	861	1	0	1	861	1	861	0.0	1585
lcl|AP022815.1_cds_BCA72513.1_543	gb|AY368237.1|+|0-861|ARO:3000990|TEM-128	99.884	861	1	0	1	861	1	861	0.0	1585
lcl|AP022815.1_cds_BCA72513.1_543	gb|GU371926.1|-|50304-51165|ARO:3000903|TEM-33	99.884	861	1	0	1	861	1	861	0.0	1585
lcl|AP022815.1_cds_BCA72513.1_543	gb|KP050491.1|+|0-861|ARO:3001391|TEM-214	99.884	861	1	0	1	861	1	861	0.0	1585
lcl|AP022815.1_cds_BCA72513.1_543	gb|FJ197316.1|+|0-861|ARO:3001032|TEM-166	99.884	861	1	0	1	861	1	861	0.0	1585
lcl|AP022815.1_cds_BCA72513.1_543	gb|AM087454.1|+|208-1069|ARO:3001015|TEM-148	99.884	861	1	0	1	861	1	861	0.0	1585
lcl|AP022815.1_cds_BCA72513.1_543	gb|GU550123.1|+|144-1005|ARO:3001041|TEM-176	99.884	861	1	0	1	861	1	861	0.0	1585
lcl|AP022815.1_cds_BCA72513.1_543	gb|KC818234.1|+|0-861|ARO:3001384|TEM-207	99.884	861	1	0	1	861	1	861	0.0	1585
lcl|AP022815.1_cds_BCA72513.1_543	gb|KC783461.1|+|0-861|ARO:3001383|TEM-206	99.884	861	1	0	1	861	1	861	0.0	1585
lcl|AP022815.1_cds_BCA72513.1_543	gb|AB700703.1|+|161-1022|ARO:3001057|TEM-198	99.884	861	1	0	1	861	1	861	0.0	1585
lcl|AP022815.1_cds_BCA72513.1_543	gb|KC292503.1|+|4334-5195|ARO:3000904|TEM-34	99.884	861	1	0	1	861	1	861	0.0	1585
lcl|AP022815.1_cds_BCA72513.1_543	gb|OM617738.1|+|0-861|ARO:3007448|TEM-246	99.768	861	2	0	1	861	1	861	0.0	1580
lcl|AP022815.1_cds_BCA72513.1_543	gb|NG_050243.1|+|100-961|ARO:3001387|TEM-210	99.768	861	2	0	1	861	1	861	0.0	1580
lcl|AP022815.1_cds_BCA72513.1_543	gb|NG_068214.1|+|100-961|ARO:3000907|TEM-37	99.768	861	2	0	1	861	1	861	0.0	1580
lcl|AP022815.1_cds_BCA72513.1_543	gb|NG_052650.1|+|0-861|ARO:3000906|TEM-36	99.768	861	2	0	1	861	1	861	0.0	1580
lcl|AP022815.1_cds_BCA72513.1_543	gb|NG_050264.1|+|13-874|ARO:3000905|TEM-35	99.768	861	2	0	1	861	1	861	0.0	1580
lcl|AP022815.1_cds_BCA72513.1_543	gb|NG_056417.1|+|0-861|ARO:3005261|TEM-230	99.768	861	2	0	1	861	1	861	0.0	1580
lcl|AP022815.1_cds_BCA72513.1_543	gb|NG_057472.1|+|0-861|ARO:3005263|TEM-232	99.768	861	2	0	1	861	1	861	0.0	1580
lcl|AP022815.1_cds_BCA72513.1_543	gb|KM998962.1|+|0-861|ARO:3003158|TEM-220	99.768	861	2	0	1	861	1	861	0.0	1580
lcl|AP022815.1_cds_BCA72513.1_543	gb|JQ034306.1|+|0-861|ARO:3001376|TEM-196	99.768	861	2	0	1	861	1	861	0.0	1580
lcl|AP022815.1_cds_BCA72513.1_543	gb|FJ405211.1|+|0-861|ARO:3000926|TEM-57	99.768	861	2	0	1	861	1	861	0.0	1580
lcl|AP022815.1_cds_BCA72513.1_543	gb|EU274580.1|+|214-1075|ARO:3001030|TEM-164	99.768	861	2	0	1	861	1	861	0.0	1580
lcl|AP022815.1_cds_BCA72513.1_543	gb|KF944358.1|+|0-861|ARO:3001393|TEM-216	99.768	861	2	0	1	861	1	861	0.0	1580
lcl|AP022815.1_cds_BCA72513.1_543	gb|AM849805.1|+|262-1123|ARO:3000886|TEM-15	99.768	861	2	0	1	861	1	861	0.0	1580
lcl|AP022815.1_cds_BCA72513.1_543	gb|AY956335.1|+|38-899|ARO:3001004|TEM-141	99.768	861	2	0	1	861	1	861	0.0	1580
lcl|AP022815.1_cds_BCA72513.1_543	gb|AF516719.1|+|214-1075|ARO:3000967|TEM-104	99.768	861	2	0	1	861	1	861	0.0	1580
lcl|AP022815.1_cds_BCA72513.1_543	gb|AM049399.1|+|0-861|ARO:3001007|TEM-144	99.768	861	2	0	1	861	1	861	0.0	1580
lcl|AP022815.1_cds_BCA72513.1_543	gb|AF190692.1|+|208-1069|ARO:3000946|TEM-79	99.768	861	2	0	1	861	1	861	0.0	1580
lcl|AP022815.1_cds_BCA72513.1_543	gb|U37195.1|+|75-936|ARO:3000898|TEM-28	99.768	861	2	0	1	861	1	861	0.0	1580
lcl|AP022815.1_cds_BCA72513.1_543	gb|KF240808.1|+|0-861|ARO:3001386|TEM-209	99.768	861	2	0	1	861	1	861	0.0	1580
lcl|AP022815.1_cds_BCA72513.1_543	gb|DQ286729.1|+|0-861|ARO:3000924|TEM-55	99.768	861	2	0	1	861	1	861	0.0	1580
lcl|AP022815.1_cds_BCA72513.1_543	gb|AF093512.1|+|197-1058|ARO:3000882|TEM-10	99.768	861	2	0	1	861	1	861	0.0	1580
lcl|AP022815.1_cds_BCA72513.1_543	gb|JX310327.1|+|0-861|ARO:3001378|TEM-201	99.768	861	2	0	1	861	1	861	0.0	1580
lcl|AP022815.1_cds_BCA72513.1_543	gb|AY101578.1|+|214-1075|ARO:3000969|TEM-106	99.768	861	2	0	1	861	1	861	0.0	1580
lcl|AP022815.1_cds_BCA72513.1_543	gb|AY307100.1|+|0-861|ARO:3000984|TEM-122	99.768	861	2	0	1	861	1	861	0.0	1580
lcl|AP022815.1_cds_BCA72513.1_543	gb|AY628199.1|+|203-1064|ARO:3000988|TEM-126	99.768	861	2	0	1	861	1	861	0.0	1580
lcl|AP022815.1_cds_BCA72513.1_543	gb|NG_065939.1|+|0-861|ARO:3005272|TEM-242	99.652	861	3	0	1	861	1	861	0.0	1574
lcl|AP022815.1_cds_BCA72513.1_543	gb|NG_059898.1|+|100-961|ARO:3005266|TEM-235	99.652	861	3	0	1	861	1	861	0.0	1574
lcl|AP022815.1_cds_BCA72513.1_543	gb|NG_054684.1|+|0-861|ARO:3005257|TEM-226	99.652	861	3	0	1	861	1	861	0.0	1574
lcl|AP022815.1_cds_BCA72513.1_543	gb|NG_050261.1|+|100-961|ARO:3000902|TEM-32	99.652	861	3	0	1	861	1	861	0.0	1574
lcl|AP022815.1_cds_BCA72513.1_543	gb|NG_068215.1|+|100-961|ARO:3000877|TEM-5	99.652	861	3	0	1	861	1	861	0.0	1574
lcl|AP022815.1_cds_BCA72513.1_543	gb|DQ279850.1|+|0-861|ARO:3001014|TEM-147	99.652	861	3	0	1	861	1	861	0.0	1574
lcl|AP022815.1_cds_BCA72513.1_543	gb|FR717535.1|+|0-861|ARO:3000910|TEM-40	99.652	861	3	0	1	861	1	861	0.0	1574
lcl|AP022815.1_cds_BCA72513.1_543	gb|KM114268.1|+|0-861|ARO:3003157|TEM-219	99.652	861	3	0	1	861	1	861	0.0	1574
lcl|AP022815.1_cds_BCA72513.1_543	gb|Y17584.1|+|0-858|ARO:3000899|TEM-29	99.767	858	2	0	1	858	1	858	0.0	1574
lcl|AP022815.1_cds_BCA72513.1_543	gb|EU815939.1|+|0-861|ARO:3001029|TEM-163	99.652	861	3	0	1	861	1	861	0.0	1574
lcl|AP022815.1_cds_BCA72513.1_543	gb|HQ317449.1|+|0-861|ARO:3001373|TEM-182	99.652	861	3	0	1	861	1	861	0.0	1574
lcl|AP022815.1_cds_BCA72513.1_543	gb|EF534736.1|+|213-1074|ARO:3001024|TEM-158	99.652	861	3	0	1	861	1	861	0.0	1574
lcl|AP022815.1_cds_BCA72513.1_543	gb|AY491682.1|+|0-861|ARO:3000996|TEM-132	99.652	861	3	0	1	861	1	861	0.0	1574
lcl|AP022815.1_cds_BCA72513.1_543	gb|MZ026156.1|+|0-861|ARO:3007453|TEM-244	99.535	861	4	0	1	861	1	861	0.0	1568
lcl|AP022815.1_cds_BCA72513.1_543	gb|NG_066544.1|+|0-861|ARO:3005270|TEM-240	99.535	861	4	0	1	861	1	861	0.0	1568
lcl|AP022815.1_cds_BCA72513.1_543	gb|NG_067163.1|+|0-861|ARO:3005269|TEM-238	99.535	861	4	0	1	861	1	861	0.0	1568
lcl|AP022815.1_cds_BCA72513.1_543	gb|NG_062250.1|+|100-961|ARO:3005268|TEM-237	99.535	861	4	0	1	861	1	861	0.0	1568
lcl|AP022815.1_cds_BCA72513.1_543	gb|AM743197.2|-|2076-2937|ARO:3001044|TEM-181	99.535	861	4	0	1	861	1	861	0.0	1568
lcl|AP022815.1_cds_BCA72513.1_543	gb|NG_056418.1|+|0-861|ARO:3005262|TEM-231	99.535	861	4	0	1	861	1	861	0.0	1568
lcl|AP022815.1_cds_BCA72513.1_543	gb|AM183304.1|+|208-1069|ARO:3001017|TEM-150	99.535	861	4	0	1	861	1	861	0.0	1568
lcl|AP022815.1_cds_BCA72513.1_543	gb|FJ919776.1|+|208-1069|ARO:3001034|TEM-168	99.535	861	4	0	1	861	1	861	0.0	1568
lcl|AP022815.1_cds_BCA72513.1_543	gb|AF104442.1|+|193-1054|ARO:3000923|TEM-54	99.535	861	4	0	1	861	1	861	0.0	1568
lcl|AP022815.1_cds_BCA72513.1_543	gb|AM941159.1|+|208-1069|ARO:3001022|TEM-156	99.535	861	4	0	1	861	1	861	0.0	1568
lcl|AP022815.1_cds_BCA72513.1_543	gb|AF351241.1|+|89-950|ARO:3000957|TEM-90	99.535	861	4	0	1	861	1	861	0.0	1568
lcl|AP022815.1_cds_BCA72513.1_543	gb|FJ873740.1|+|0-858|ARO:3001035|TEM-169	99.650	858	3	0	1	858	1	858	0.0	1568
lcl|AP022815.1_cds_BCA72513.1_543	gb|AY092401.1|+|0-861|ARO:3000963|TEM-96	99.535	861	4	0	1	861	1	861	0.0	1568
lcl|AP022815.1_cds_BCA72513.1_543	gb|AY027590.1|+|112-973|ARO:3000955|TEM-88	99.535	861	4	0	1	861	1	861	0.0	1568
lcl|AP022815.1_cds_BCA72513.1_543	gb|GQ149347.1|+|5269-6130|ARO:3001037|TEM-171	99.535	861	4	0	1	861	1	861	0.0	1568
lcl|AP022815.1_cds_BCA72513.1_543	gb|AJ012256.1|+|208-1069|ARO:3000939|TEM-73	99.535	861	4	0	1	861	1	861	0.0	1568
lcl|AP022815.1_cds_BCA72513.1_543	gb|AY101764.1|+|206-1067|ARO:3000970|TEM-107	99.535	861	4	0	1	861	1	861	0.0	1568
lcl|AP022815.1_cds_BCA72513.1_543	gb|HQ529916.1|+|110-971|ARO:3001045|TEM-183	99.535	861	4	0	1	861	1	861	0.0	1568
lcl|AP022815.1_cds_BCA72513.1_543	gb|U95363.2|+|0-861|ARO:3000912|TEM-43	99.535	861	4	0	1	861	1	861	0.0	1568
lcl|AP022815.1_cds_BCA72513.1_543	gb|AY628175.1|+|210-1071|ARO:3000972|TEM-109	99.535	861	4	0	1	861	1	861	0.0	1568
lcl|AP022815.1_cds_BCA72513.1_543	gb|NG_071226.1|+|0-861|ARO:3005273|TEM-243	99.419	861	5	0	1	861	1	861	0.0	1563
lcl|AP022815.1_cds_BCA72513.1_543	gb|NG_061611.1|+|0-861|ARO:3005267|TEM-236	99.419	861	5	0	1	861	1	861	0.0	1563
lcl|AP022815.1_cds_BCA72513.1_543	gb|JN254627.1|+|0-861|ARO:3001049|TEM-189	99.419	861	5	0	1	861	1	861	0.0	1563
lcl|AP022815.1_cds_BCA72513.1_543	gb|FJ807656.1|+|0-861|ARO:3001020|TEM-154	99.419	861	5	0	1	861	1	861	0.0	1563
lcl|AP022815.1_cds_BCA72513.1_543	gb|AF427128.1|+|208-1069|ARO:3000949|TEM-82	99.419	861	5	0	1	861	1	861	0.0	1563
lcl|AP022815.1_cds_BCA72513.1_543	gb|AF427127.1|+|208-1069|ARO:3000948|TEM-81	99.419	861	5	0	1	861	1	861	0.0	1563
lcl|AP022815.1_cds_BCA72513.1_543	gb|DQ105529.2|+|0-861|ARO:3001013|TEM-146	99.419	861	5	0	1	861	1	861	0.0	1563
lcl|AP022815.1_cds_BCA72513.1_543	gb|AY826417.1|+|0-861|ARO:3001000|TEM-136	99.419	861	5	0	1	861	1	861	0.0	1563
lcl|AP022815.1_cds_BCA72513.1_543	gb|KC149518.1|+|0-861|ARO:3001369|TEM-153	99.419	861	5	0	1	861	1	861	0.0	1563
lcl|AP022815.1_cds_BCA72513.1_543	gb|NG_050256.1|+|100-961|ARO:3000896|TEM-26	99.419	861	5	0	1	861	1	861	0.0	1563
lcl|AP022815.1_cds_BCA72513.1_543	gb|X57972.1|+|339-1200|ARO:3000878|TEM-6	99.419	861	5	0	1	861	1	861	0.0	1563
lcl|AP022815.1_cds_BCA72513.1_543	gb|DQ105528.2|+|0-861|ARO:3001012|TEM-145	99.419	861	5	0	1	861	1	861	0.0	1563
lcl|AP022815.1_cds_BCA72513.1_543	gb|AY589493.1|+|166-1027|ARO:3000975|TEM-112	99.419	861	5	0	1	861	1	861	0.0	1563
lcl|AP022815.1_cds_BCA72513.1_543	gb|AB049569.1|+|0-861|ARO:3000958|TEM-91	99.419	861	5	0	1	861	1	861	0.0	1563
lcl|AP022815.1_cds_BCA72513.1_543	gb|U36911.1|+|1429-2290|ARO:3000979|TEM-116	99.419	861	5	0	1	861	1	861	0.0	1563
lcl|AP022815.1_cds_BCA72513.1_543	gb|NG_050308.1|+|0-861|ARO:3006140|TEM-99	99.648	853	3	0	9	861	9	861	0.0	1559
lcl|AP022815.1_cds_BCA72513.1_543	gb|ON651488.1|+|0-861|ARO:3007451|TEM-247	99.303	861	6	0	1	861	1	861	0.0	1557
lcl|AP022815.1_cds_BCA72513.1_543	gb|NG_052651.1|+|0-861|ARO:3005256|TEM-225	99.303	861	6	0	1	861	1	861	0.0	1557
lcl|AP022815.1_cds_BCA72513.1_543	gb|NG_050245.1|+|0-861|ARO:3001389|TEM-212	99.303	861	6	0	1	861	1	861	0.0	1557
lcl|AP022815.1_cds_BCA72513.1_543	gb|NG_056416.1|+|0-861|ARO:3005260|TEM-229	99.303	861	6	0	1	861	1	861	0.0	1557
lcl|AP022815.1_cds_BCA72513.1_543	gb|M88143.1|+|367-1228|ARO:3000884|TEM-12	99.303	861	6	0	1	861	1	861	0.0	1557
lcl|AP022815.1_cds_BCA72513.1_543	gb|JX042489.1|+|141-1002|ARO:3000890|TEM-19	99.303	861	6	0	1	861	1	861	0.0	1557
lcl|AP022815.1_cds_BCA72513.1_543	gb|AF535127.1|+|208-1069|ARO:3000978|TEM-115	99.303	861	6	0	1	861	1	861	0.0	1557
lcl|AP022815.1_cds_BCA72513.1_543	gb|AF347054.1|+|208-1069|ARO:3000947|TEM-80	99.303	861	6	0	1	861	1	861	0.0	1557
lcl|AP022815.1_cds_BCA72513.1_543	gb|HQ877606.1|+|0-861|ARO:3001056|TEM-197	99.303	861	6	0	1	861	1	861	0.0	1557
lcl|AP022815.1_cds_BCA72513.1_543	gb|AJ318093.1|+|0-861|ARO:3000960|TEM-93	99.303	861	6	0	1	861	1	861	0.0	1557
lcl|AP022815.1_cds_BCA72513.1_543	gb|JF795538.1|+|0-861|ARO:3001374|TEM-185	99.303	861	6	0	1	861	1	861	0.0	1557
lcl|AP022815.1_cds_BCA72513.1_543	gb|AY243512.1|+|208-1069|ARO:3000982|TEM-120	99.303	861	6	0	1	861	1	861	0.0	1557
lcl|AP022815.1_cds_BCA72513.1_543	gb|Y13612.1|+|0-861|ARO:3000921|TEM-52	99.303	861	6	0	1	861	1	861	0.0	1557
lcl|AP022815.1_cds_BCA72513.1_543	gb|AF427130.1|+|208-1069|ARO:3000951|TEM-84	99.303	861	6	0	1	861	1	861	0.0	1557
lcl|AP022815.1_cds_BCA72513.1_543	gb|KY432484.1|+|0-861|ARO:3001051|TEM-191	99.303	861	6	0	1	861	1	861	0.0	1557
lcl|AP022815.1_cds_BCA72513.1_543	gb|X54606.1|+|214-1075|ARO:3000874|TEM-2	99.303	861	6	0	1	861	1	861	0.0	1557
lcl|AP022815.1_cds_BCA72513.1_543	gb|DQ679961.1|+|114-975|ARO:3001021|TEM-155	99.303	861	6	0	1	861	1	861	0.0	1557
lcl|AP022815.1_cds_BCA72513.1_543	gb|Y10279.1|+|0-861|ARO:3000916|TEM-47	99.303	861	6	0	1	861	1	861	0.0	1557
lcl|AP022815.1_cds_BCA72513.1_543	gb|NG_050307.1|+|0-861|ARO:3006139|TEM-98	99.531	853	4	0	9	861	9	861	0.0	1554
lcl|AP022815.1_cds_BCA72513.1_543	gb|NG_057581.1|+|0-861|ARO:3005264|TEM-233	99.187	861	7	0	1	861	1	861	0.0	1552
lcl|AP022815.1_cds_BCA72513.1_543	gb|AF104441.1|+|193-1054|ARO:3000922|TEM-53	99.187	861	7	0	1	861	1	861	0.0	1552
lcl|AP022815.1_cds_BCA72513.1_543	gb|EF136377.1|+|0-861|ARO:3001026|TEM-160	99.187	861	7	0	1	861	1	861	0.0	1552
lcl|AP022815.1_cds_BCA72513.1_543	gb|DQ909059.1|+|0-861|ARO:3001023|TEM-157	99.187	861	7	0	1	861	1	861	0.0	1552
lcl|AP022815.1_cds_BCA72513.1_543	gb|X95401.1|+|208-1069|ARO:3000914|TEM-45	99.187	861	7	0	1	861	1	861	0.0	1552
lcl|AP022815.1_cds_BCA72513.1_543	gb|AJ746225.1|+|0-861|ARO:3000993|TEM-129	99.187	861	7	0	1	861	1	861	0.0	1552
lcl|AP022815.1_cds_BCA72513.1_543	gb|AJ239002.1|+|0-861|ARO:3000935|TEM-68	99.187	861	7	0	1	861	1	861	0.0	1552
lcl|AP022815.1_cds_BCA72513.1_543	gb|KF663615.1|+|0-858|ARO:3001390|TEM-213	99.301	858	6	0	1	858	1	858	0.0	1552
lcl|AP022815.1_cds_BCA72513.1_543	gb|EF136376.1|+|0-861|ARO:3001025|TEM-159	99.187	861	7	0	1	861	1	861	0.0	1552
lcl|AP022815.1_cds_BCA72513.1_543	gb|AY072920.1|+|0-861|ARO:3000973|TEM-110	99.187	861	7	0	1	861	1	861	0.0	1552
lcl|AP022815.1_cds_BCA72513.1_543	gb|AY528425.1|+|0-861|ARO:3000997|TEM-133	99.187	861	7	0	1	861	1	861	0.0	1552
lcl|AP022815.1_cds_BCA72513.1_543	gb|AF203816.1|+|210-1071|ARO:3000937|TEM-71	99.187	861	7	0	1	861	1	861	0.0	1552
lcl|AP022815.1_cds_BCA72513.1_543	gb|AY874537.1|+|177-1038|ARO:3000883|TEM-11	99.187	861	7	0	1	861	1	861	0.0	1552
lcl|AP022815.1_cds_BCA72513.1_543	gb|AF506748.1|+|38-899|ARO:3000971|TEM-108	99.414	853	5	0	9	861	9	861	0.0	1548
lcl|AP022815.1_cds_BCA72513.1_543	gb|LC542923.1|-|2479-3340|ARO:3000930|TEM-61	99.071	861	8	0	1	861	1	861	0.0	1546
lcl|AP022815.1_cds_BCA72513.1_543	gb|NG_065938.1|+|0-861|ARO:3005271|TEM-241	99.071	861	8	0	1	861	1	861	0.0	1546
lcl|AP022815.1_cds_BCA72513.1_543	gb|NG_065940.1|+|0-861|ARO:3000909|TEM-39	99.071	861	8	0	1	861	1	861	0.0	1546
lcl|AP022815.1_cds_BCA72513.1_543	gb|X65253.1|+|175-1036|ARO:3000894|TEM-24	99.071	861	8	0	1	861	1	861	0.0	1546
lcl|AP022815.1_cds_BCA72513.1_543	gb|AF468003.1|+|0-861|ARO:3000974|TEM-111	99.071	861	8	0	1	861	1	861	0.0	1546
lcl|AP022815.1_cds_BCA72513.1_543	gb|JN416112.1|+|0-861|ARO:3001050|TEM-190	99.071	861	8	0	1	861	1	861	0.0	1546
lcl|AP022815.1_cds_BCA72513.1_543	gb|X64523.1|-|476-1337|ARO:3000875|TEM-3	99.071	861	8	0	1	861	1	861	0.0	1546
lcl|AP022815.1_cds_BCA72513.1_543	gb|DQ072853.1|+|0-861|ARO:3001003|TEM-139	99.071	861	8	0	1	861	1	861	0.0	1546
lcl|AP022815.1_cds_BCA72513.1_543	gb|Y17581.1|+|78-936|ARO:3000891|TEM-20	99.184	858	7	0	1	858	1	858	0.0	1546
lcl|AP022815.1_cds_BCA72513.1_543	gb|AM286274.1|+|0-861|ARO:3001001|TEM-137	99.071	861	8	0	1	861	1	861	0.0	1546
lcl|AP022815.1_cds_BCA72513.1_543	gb|AF427129.1|+|208-1069|ARO:3000950|TEM-83	99.071	861	8	0	1	861	1	861	0.0	1546
lcl|AP022815.1_cds_BCA72513.1_543	gb|JN211012.1|+|213-1074|ARO:3001048|TEM-188	99.071	861	8	0	1	861	1	861	0.0	1546
lcl|AP022815.1_cds_BCA72513.1_543	gb|Y14574.2|+|0-861|ARO:3000888|TEM-17	99.071	861	8	0	1	861	1	861	0.0	1546
lcl|AP022815.1_cds_BCA72513.1_543	gb|AF091113.2|+|450-1311|ARO:3000934|TEM-67	99.071	861	8	0	1	861	1	861	0.0	1546
lcl|AP022815.1_cds_BCA72513.1_543	gb|AY853593.1|+|214-1075|ARO:3001002|TEM-138	99.071	861	8	0	1	861	1	861	0.0	1546
lcl|AP022815.1_cds_BCA72513.1_543	gb|AF190693.1|+|208-1069|ARO:3000944|TEM-78	99.071	861	8	0	1	861	1	861	0.0	1546
lcl|AP022815.1_cds_BCA72513.1_543	gb|X65254.1|+|175-1036|ARO:3000887|TEM-16	99.071	861	8	0	1	861	1	861	0.0	1546
lcl|AP022815.1_cds_BCA72513.1_543	gb|AY327540.1|+|0-858|ARO:3000986|TEM-124	99.071	861	5	1	1	861	1	858	0.0	1543
lcl|AP022815.1_cds_BCA72513.1_543	gb|NG_056168.1|+|0-861|ARO:3000881|TEM-9	98.955	861	9	0	1	861	1	861	0.0	1541
lcl|AP022815.1_cds_BCA72513.1_543	gb|LK391770.1|+|19707-20568|ARO:3000876|TEM-4	98.955	861	9	0	1	861	1	861	0.0	1541
lcl|AP022815.1_cds_BCA72513.1_543	gb|X65252.1|+|175-1036|ARO:3000880|TEM-8	98.955	861	9	0	1	861	1	861	0.0	1541
lcl|AP022815.1_cds_BCA72513.1_543	gb|Y10280.1|+|0-861|ARO:3000917|TEM-48	98.955	861	9	0	1	861	1	861	0.0	1541
lcl|AP022815.1_cds_BCA72513.1_543	gb|FR848831.1|+|0-861|ARO:3001375|TEM-184	98.955	861	9	0	1	861	1	861	0.0	1541
lcl|AP022815.1_cds_BCA72513.1_543	gb|AJ866988.1|+|0-861|ARO:3000994|TEM-130	98.955	861	9	0	1	861	1	861	0.0	1541
lcl|AP022815.1_cds_BCA72513.1_543	gb|AJ277414.1|+|0-861|ARO:3000952|TEM-85	98.955	861	9	0	1	861	1	861	0.0	1541
lcl|AP022815.1_cds_BCA72513.1_543	gb|DQ369751.1|+|0-861|ARO:3001016|TEM-149	98.955	861	9	0	1	861	1	861	0.0	1541
lcl|AP022815.1_cds_BCA72513.1_543	gb|AY589495.1|+|181-1042|ARO:3000977|TEM-114	98.955	861	9	0	1	861	1	861	0.0	1541
lcl|AP022815.1_cds_BCA72513.1_543	gb|AY574271.1|+|0-861|ARO:3000998|TEM-134	98.955	861	9	0	1	861	1	861	0.0	1541
lcl|AP022815.1_cds_BCA72513.1_543	gb|DQ834728.1|+|205-1066|ARO:3001019|TEM-152	98.955	861	9	0	1	861	1	861	0.0	1541
lcl|AP022815.1_cds_BCA72513.1_543	gb|AF332513.1|+|103-964|ARO:3000931|TEM-63	98.955	861	9	0	1	861	1	861	0.0	1541
lcl|AP022815.1_cds_BCA72513.1_543	gb|DQ388882.1|+|0-861|ARO:3001005|TEM-142	98.955	861	9	0	1	861	1	861	0.0	1541
lcl|AP022815.1_cds_BCA72513.1_543	gb|DQ834729.1|+|205-1066|ARO:3001018|TEM-151	98.955	861	9	0	1	861	1	861	0.0	1541
lcl|AP022815.1_cds_BCA72513.1_543	gb|AF143804.1|+|0-861|ARO:3000959|TEM-92	98.955	861	9	0	1	861	1	861	0.0	1541
lcl|AP022815.1_cds_BCA72513.1_543	gb|AF157553.1|+|147-1008|ARO:3000938|TEM-72	98.955	861	9	0	1	861	1	861	0.0	1541
lcl|AP022815.1_cds_BCA72513.1_543	gb|AY436361.1|+|131-992|ARO:3000995|TEM-131	98.839	861	10	0	1	861	1	861	0.0	1537
lcl|AP022815.1_cds_BCA72513.1_543	gb|NG_050254.1|+|0-861|ARO:3005255|TEM-224	98.839	861	10	0	1	861	1	861	0.0	1535
lcl|AP022815.1_cds_BCA72513.1_543	gb|NG_054696.1|+|0-861|ARO:3005258|TEM-227	98.839	861	10	0	1	861	1	861	0.0	1535
lcl|AP022815.1_cds_BCA72513.1_543	gb|FJ360884.1|+|213-1074|ARO:3001033|TEM-167	98.839	861	10	0	1	861	1	861	0.0	1535
lcl|AP022815.1_cds_BCA72513.1_543	gb|AJ277415.1|+|0-861|ARO:3000953|TEM-86	98.839	861	10	0	1	861	1	861	0.0	1535
lcl|AP022815.1_cds_BCA72513.1_543	gb|AJ318094.1|+|0-861|ARO:3000961|TEM-94	98.839	861	10	0	1	861	1	861	0.0	1535
lcl|AP022815.1_cds_BCA72513.1_543	gb|AF495873.1|+|0-861|ARO:3000964|TEM-101	98.839	861	10	0	1	861	1	861	0.0	1535
lcl|AP022815.1_cds_BCA72513.1_543	gb|Y10281.1|+|0-861|ARO:3000918|TEM-49	98.839	861	10	0	1	861	1	861	0.0	1535
lcl|AP022815.1_cds_BCA72513.1_543	gb|AY589494.1|+|193-1054|ARO:3000976|TEM-113	98.839	861	10	0	1	861	1	861	0.0	1535
lcl|AP022815.1_cds_BCA72513.1_543	gb|Y17582.1|+|0-858|ARO:3000892|TEM-21	98.951	858	9	0	1	858	1	858	0.0	1535
lcl|AP022815.1_cds_BCA72513.1_543	gb|Y17583.1|+|213-1071|ARO:3000893|TEM-22	98.951	858	9	0	1	858	1	858	0.0	1535
lcl|AP022815.1_cds_BCA72513.1_543	gb|AY271267.1|+|0-861|ARO:3000983|TEM-121	98.839	861	10	0	1	861	1	861	0.0	1535
lcl|AP022815.1_cds_BCA72513.1_543	gb|AF250872.1|+|0-861|ARO:3000954|TEM-87	98.839	861	10	0	1	861	1	861	0.0	1535
lcl|AP022815.1_cds_BCA72513.1_543	gb|AY040093.1|+|68-929|ARO:3000965|TEM-102	98.839	861	10	0	1	861	1	861	0.0	1535
lcl|AP022815.1_cds_BCA72513.1_543	gb|HM246246.1|+|211-1069|ARO:3001047|TEM-187	98.950	857	9	0	1	857	1	857	0.0	1533
lcl|AP022815.1_cds_BCA72513.1_543	gb|KF513179.1|+|0-861|ARO:3001388|TEM-211	98.722	861	11	0	1	861	1	861	0.0	1530
lcl|AP022815.1_cds_BCA72513.1_543	gb|FN652295.1|+|0-861|ARO:3001042|TEM-177	98.722	861	11	0	1	861	1	861	0.0	1530
lcl|AP022815.1_cds_BCA72513.1_543	gb|KC900516.1|+|0-858|ARO:3001382|TEM-205	98.834	858	10	0	1	858	1	858	0.0	1530
lcl|AP022815.1_cds_BCA72513.1_543	gb|EF468463.1|+|66-927|ARO:3001028|TEM-162	98.722	861	11	0	1	861	1	861	0.0	1530
lcl|AP022815.1_cds_BCA72513.1_543	gb|JX050178.1|+|1-853|ARO:3001058|TEM-199	98.944	852	9	0	10	861	1	852	0.0	1524
lcl|AP022815.1_cds_BCA72513.1_543	gb|AY628176.1|+|75-936|ARO:3000987|TEM-125	98.606	861	12	0	1	861	1	861	0.0	1524
lcl|AP022815.1_cds_BCA72513.1_543	gb|AY327539.1|+|0-858|ARO:3000985|TEM-123	98.606	861	9	1	1	861	1	858	0.0	1520
lcl|AP022815.1_cds_BCA72513.1_543	gb|JN935137.1|+|0-861|ARO:3001055|TEM-195	98.374	861	14	0	1	861	1	861	0.0	1513
lcl|AP022815.1_cds_BCA72513.1_543	gb|AF047171.1|+|135-996|ARO:3000929|TEM-60	98.258	861	15	0	1	861	1	861	0.0	1507
lcl|AP022815.1_cds_BCA72513.1_543	gb|X98047.1|+|0-843|ARO:3000911|TEM-42	98.814	843	10	0	10	852	1	843	0.0	1502
lcl|AP022815.1_cds_BCA72513.1_543	gb|AF062386.1|+|31-862|ARO:3000928|TEM-59	99.158	831	7	0	1	831	1	831	0.0	1496
lcl|AP022815.1_cds_BCA72513.1_543	gb|AY039040.1|+|188-1022|ARO:3000956|TEM-89	98.921	834	9	0	1	834	1	834	0.0	1491
lcl|AP022815.1_cds_BCA72513.1_543	gb|JN935135.1|+|0-861|ARO:3001053|TEM-193	97.796	862	17	2	1	861	1	861	0.0	1485
lcl|AP022815.1_cds_BCA72513.1_543	gb|JN935136.1|+|0-861|ARO:3001054|TEM-194	97.329	861	23	0	1	861	1	861	0.0	1463
lcl|AP022815.1_cds_BCA72513.1_543	gb|X97254.1|+|153-1011|ARO:3001043|TEM-178	97.332	862	18	3	1	861	1	858	0.0	1459
lcl|AP022815.1_cds_BCA72513.1_543	gb|AY130285.1|+|0-783|ARO:3000981|TEM-118	99.234	783	6	0	37	819	1	783	0.0	1413
lcl|AP022815.1_cds_BCA72513.1_543	gb|AF527798.1|+|0-783|ARO:3000879|TEM-7	99.234	783	6	0	37	819	1	783	0.0	1413
lcl|AP022815.1_cds_BCA72513.1_543	gb|AY130284.1|+|0-783|ARO:3000941|TEM-75	99.106	783	7	0	37	819	1	783	0.0	1408
lcl|AP022815.1_cds_BCA72513.1_543	gb|AY130282.1|+|0-762|ARO:3000980|TEM-117	99.606	762	3	0	37	798	1	762	0.0	1391
lcl|AP022815.1_cds_BCA72513.1_543	gb|JF949915.1|+|1-754|ARO:3001052|TEM-192	99.867	753	1	0	31	783	1	753	0.0	1386
lcl|AP022815.1_cds_BCA72720.1_750	gb|U00096.3|-|721055-721733|ARO:3003841|kdpE	97.325	673	18	0	1	673	1	673	0.0	1144
lcl|AP022815.1_cds_BCA72977.1_1007	gb|JQ394987.1|+|0-1233|ARO:3001328|Ecol_mdfA	96.918	1233	38	0	1	1233	1	1233	0.0	2067
lcl|AP022815.1_cds_BCA73047.1_1077	gb|U00096.3|+|966620-968369|ARO:3003950|msbA	99.028	1749	17	0	1	1749	1	1749	0.0	3136
lcl|AP022815.1_cds_BCA73318.1_1348	gb|CP000800.1|-|1191727-1192954|ARO:3001329|mdtG	99.348	1227	8	0	1	1227	1	1227	0.0	2222
lcl|AP022815.1_cds_BCA73329.1_1359	gb|U00096.1|-|1124117-1125326|ARO:3001216|mdtH	98.511	1209	18	0	1	1209	1	1209	0.0	2134
lcl|AP022815.1_cds_BCA73557.1_1587	gb|BA000007.3|-|1737690-1738104|ARO:3000676|H-NS	99.275	414	3	0	1	414	1	414	0.0	749
lcl|AP022815.1_cds_BCA73958.1_1988	gb|AP009048.1|+|1621287-1621671|ARO:3000263|marA	99.479	384	2	0	1	384	1	384	0.0	699
lcl|AP022815.1_cds_BCA74523.1_2553	gb|U00096.1|-|2098446-2099613|ARO:3003577|ugd	97.429	1167	30	0	1	1167	1	1167	0.0	1989
lcl|AP022815.1_cds_BCA74570.1_2600	gb|U00096.1|+|2154015-2155263|ARO:3000792|mdtA	98.478	1248	19	0	1	1248	1	1248	0.0	2200
lcl|AP022815.1_cds_BCA74571.1_2601	gb|U00096.1|+|2155262-2158385|ARO:3000793|mdtB	99.648	3123	11	0	1	3123	1	3123	0.0	5707
lcl|AP022815.1_cds_BCA74572.1_2602	gb|U00096.1|+|2158385-2161463|ARO:3000794|mdtC	98.960	3078	32	0	1	3078	1	3078	0.0	5507
lcl|AP022815.1_cds_BCA74701.1_2731	gb|U00096.3|-|2306971-2308615|ARO:3003952|YojI	99.027	1644	16	0	1	1644	1	1644	0.0	2948
lcl|AP022815.1_cds_BCA74736.1_2766	gb|U00096.1|+|2367070-2368039|ARO:3003578|PmrF	99.381	969	6	0	1	969	1	969	0.0	1757
lcl|AP022815.1_cds_BCA74832.1_2862	gb|D78168.1|+|1591-3130|ARO:3000254|emrY	99.600	999	4	0	1	999	541	1539	0.0	1823
lcl|AP022815.1_cds_BCA74833.1_2863	gb|D78168.1|+|1591-3130|ARO:3000254|emrY	97.134	314	9	0	1	314	314	1	1.92e-151	531
lcl|AP022815.1_cds_BCA74834.1_2864	gb|D78168.1|+|536-1592|ARO:3000206|emrK	99.716	1056	3	0	109	1164	1	1056	0.0	1934
lcl|AP022815.1_cds_BCA74835.1_2865	gb|BA000007.3|+|3212025-3212640|ARO:3000832|evgA	99.024	615	6	0	1	615	1	615	0.0	1103
lcl|AP022815.1_cds_BCA74836.1_2866	gb|U00096.1|+|2484373-2487967|ARO:3000833|evgS	99.165	3594	30	0	1	3594	1	3594	0.0	6471
lcl|AP022815.1_cds_BCA74921.1_2951	gb|AP009048.1|+|2586250-2589364|ARO:3000491|acrD	98.908	3114	34	0	1	3114	1	3114	0.0	5563
lcl|AP022815.1_cds_BCA75118.1_3148	gb|U00096.3|+|2810769-2811300|ARO:3000516|emrR	100.000	531	0	0	1	531	1	531	0.0	981
lcl|AP022815.1_cds_BCA75119.1_3149	gb|AP009048.1|+|2810082-2811255|ARO:3000027|emrA	98.295	1173	20	0	1	1173	1	1173	0.0	2056
lcl|AP022815.1_cds_BCA75120.1_3150	gb|U00096.1|+|2812615-2814154|ARO:3000074|emrB	98.506	1539	23	0	1	1539	1	1539	0.0	2715
lcl|AP022815.1_cds_BCA75120.1_3150	gb|ASTU01000063.1|+|61248-62787|ARO:3004597|Kpne_KpnH	98.441	1539	24	0	1	1539	1	1539	0.0	2710
lcl|AP022815.1_cds_BCA75493.1_3523	gb|FJ768952.1|+|0-1488|ARO:3000237|TolC	98.448	1482	23	0	1	1482	7	1488	0.0	2610
lcl|AP022815.1_cds_BCA75513.1_3543	gb|U00096.3|-|3203309-3204131|ARO:3002986|bacA	98.902	820	9	0	1	820	1	820	0.0	1465
lcl|AP022815.1_cds_BCA75711.1_3741	gb|U00096.1|-|3412802-3413465|ARO:3000656|AcrS	99.397	663	4	0	1	663	1	663	0.0	1203
lcl|AP022815.1_cds_BCA75712.1_3742	gb|U00096.1|+|3413863-3415021|ARO:3000499|AcrE	98.791	1158	14	0	1	1158	1	1158	0.0	2061
lcl|AP022815.1_cds_BCA75713.1_3743	gb|U00096.1|+|3415032-3418137|ARO:3000502|AcrF	98.969	3105	32	0	1	3105	1	3105	0.0	5557
lcl|AP022815.1_cds_BCA75785.1_3815	gb|AP009048.1|-|4153663-4154296|ARO:3000518|CRP	99.210	633	5	0	1	633	1	633	0.0	1142
lcl|AP022815.1_cds_BCA75948.1_3978	gb|AP009048.1|-|3980025-3981183|ARO:3000795|mdtE	99.640	1110	4	0	1	1110	49	1158	0.0	2028
lcl|AP022815.1_cds_BCA75949.1_3979	gb|U00096.1|+|3660413-3663527|ARO:3000796|mdtF	98.523	3114	46	0	1	3114	1	3114	0.0	5496
lcl|AP022815.1_cds_BCA75950.1_3980	gb|CP015085.1|-|2551711-2552440|ARO:3003838|gadW	94.376	729	41	0	1	729	1	729	0.0	1120
lcl|AP022815.1_cds_BCA76434.1_4464	gb|BA000007.3|-|4903688-4905062|ARO:3000830|cpxA	98.763	1374	17	0	1	1374	1	1374	0.0	2444
lcl|AP022815.1_cds_BCA76597.1_4627	gb|AP009048.1|-|4303042-4304509|ARO:3003550|mdtP	98.228	1467	26	0	1	1467	1	1467	0.0	2566
lcl|AP022815.1_cds_BCA76598.1_4628	gb|AP009048.1|-|4304505-4306557|ARO:3003549|mdtO	99.649	1140	4	0	1	1140	913	2052	0.0	2084
lcl|AP022815.1_cds_BCA76599.1_4629	gb|AP009048.1|-|4304505-4306557|ARO:3003549|mdtO	97.567	822	20	0	1	822	1	822	0.0	1408
lcl|AP022815.1_cds_BCA76600.1_4630	gb|AP009048.1|-|4306556-4307588|ARO:3003548|mdtN	98.062	1032	20	0	1	1032	1	1032	0.0	1796
lcl|AP022815.1_cds_BCA76627.1_4657	gb|AP009048.1|-|4338624-4340268|ARO:3003576|eptA	99.442	1614	9	0	1	1614	31	1644	0.0	2931
lcl|AP022815.1_cds_BCA76808.1_4838	gb|NG_049082.1|+|100-1234|ARO:3006877|EC-16	99.912	1134	1	0	1	1134	1	1134	0.0	2089
lcl|AP022815.1_cds_BCA76808.1_4838	gb|NG_049081.1|+|100-1234|ARO:3006876|EC-15	99.912	1134	1	0	1	1134	1	1134	0.0	2089
lcl|AP022815.1_cds_BCA76808.1_4838	gb|NG_049080.1|+|100-1234|ARO:3006875|EC-14	99.912	1134	1	0	1	1134	1	1134	0.0	2089
lcl|AP022815.1_cds_BCA76808.1_4838	gb|NG_049079.1|+|100-1234|ARO:3006874|EC-13	99.912	1134	1	0	1	1134	1	1134	0.0	2089
lcl|AP022815.1_cds_BCA76808.1_4838	gb|NG_049083.1|+|100-1234|ARO:3006878|EC-18	99.206	1134	9	0	1	1134	1	1134	0.0	2045
lcl|AP022815.1_cds_BCA76808.1_4838	gb|NG_049086.1|+|100-1234|ARO:3006881|EC-8	97.619	1134	27	0	1	1134	1	1134	0.0	1945
lcl|AP022815.1_cds_BCA76808.1_4838	gb|U00096.3|-|4377810-4378944|ARO:3004290|Ecol_ampC_BLA	97.531	1134	28	0	1	1134	1	1134	0.0	1940
lcl|AP022815.1_cds_BCA76808.1_4838	gb|NG_049085.1|+|100-1234|ARO:3006880|EC-5	97.090	1134	33	0	1	1134	1	1134	0.0	1912
lcl|AP022815.1_cds_BCA76808.1_4838	gb|NG_049084.1|+|100-1234|ARO:3006879|EC-19	96.914	1134	35	0	1	1134	1	1134	0.0	1901
lcl|AP022815.1_cds_BCA77019.1_5049	gb|U00096.3|-|4567286-4568519|ARO:3001214|mdtM	95.545	1212	54	0	49	1260	22	1233	0.0	1940
